username,email,password,name,admin,photo
jbutt,jbutt@gmail.com,asd,James Butt,1,default.svg
josephine_darakjy,josephine_darakjy@darakjy.org,asd,Josephine Darakjy,1,default.svg
art,art@venere.org,asd,Art Venere,1,default.svg
lpaprocki,lpaprocki@hotmail.com,asd,Lenna Paprocki,1,default.svg
donette.foller,donette.foller@cox.net,asd,Donette Foller,1,default.svg
simona,simona@morasca.com,asd,Simona Morasca,1,default.svg
mitsue_tollner,mitsue_tollner@yahoo.com,asd,Mitsue Tollner,1,default.svg
leota,leota@hotmail.com,asd,Leota Dilliard,1,default.svg
sage_wieser,sage_wieser@cox.net,asd,Sage Wieser,1,default.svg
kris,kris@gmail.com,asd,Kris Marrier,1,default.svg
minna_amigon,minna_amigon@yahoo.com,asd,Minna Amigon,1,default.svg
amaclead,amaclead@gmail.com,asd,Abel Maclead,1,default.svg
kiley.caldarera,kiley.caldarera@aol.com,asd,Kiley Caldarera,1,default.svg
gruta,gruta@cox.net,asd,Graciela Ruta,1,default.svg
calbares,calbares@gmail.com,asd,Cammy Albares,1,default.svg
mattie,mattie@aol.com,asd,Mattie Poquette,1,default.svg
meaghan,meaghan@hotmail.com,asd,Meaghan Garufi,1,default.svg
gladys.rim,gladys.rim@rim.org,asd,Gladys Rim,0,default.svg
yuki_whobrey,yuki_whobrey@aol.com,asd,Yuki Whobrey,0,default.svg
fletcher.flosi,fletcher.flosi@yahoo.com,asd,Fletcher Flosi,0,default.svg
bette_nicka,bette_nicka@cox.net,asd,Bette Nicka,0,default.svg
vinouye,vinouye@aol.com,asd,Veronika Inouye,0,default.svg
willard,willard@hotmail.com,asd,Willard Kolmetz,0,default.svg
mroyster,mroyster@royster.com,asd,Maryann Royster,0,default.svg
alisha,alisha@slusarski.com,asd,Alisha Slusarski,0,default.svg
allene_iturbide,allene_iturbide@cox.net,asd,Allene Iturbide,0,default.svg
chanel.caudy,chanel.caudy@caudy.org,asd,Chanel Caudy,0,default.svg
ezekiel,ezekiel@chui.com,asd,Ezekiel Chui,0,default.svg
wkusko,wkusko@yahoo.com,asd,Willow Kusko,0,default.svg
bfigeroa,bfigeroa@aol.com,asd,Bernardo Figeroa,0,default.svg
ammie,ammie@corrio.com,asd,Ammie Corrio,0,default.svg
francine_vocelka,francine_vocelka@vocelka.com,asd,Francine Vocelka,0,default.svg
ernie_stenseth,ernie_stenseth@aol.com,asd,Ernie Stenseth,0,default.svg
albina,albina@glick.com,asd,Albina Glick,0,default.svg
asergi,asergi@gmail.com,asd,Alishia Sergi,0,default.svg
solange,solange@shinko.com,asd,Solange Shinko,0,default.svg
jose,jose@yahoo.com,asd,Jose Stockham,0,default.svg
rozella.ostrosky,rozella.ostrosky@ostrosky.com,asd,Rozella Ostrosky,0,default.svg
valentine_gillian,valentine_gillian@gmail.com,asd,Valentine Gillian,0,default.svg
kati.rulapaugh,kati.rulapaugh@hotmail.com,asd,Kati Rulapaugh,0,default.svg
youlanda,youlanda@aol.com,asd,Youlanda Schemmer,0,default.svg
doldroyd,doldroyd@aol.com,asd,Dyan Oldroyd,0,default.svg
roxane,roxane@hotmail.com,asd,Roxane Campain,0,default.svg
lperin,lperin@perin.org,asd,Lavera Perin,0,default.svg
erick.ferencz,erick.ferencz@aol.com,asd,Erick Ferencz,0,default.svg
fsaylors,fsaylors@saylors.org,asd,Fatima Saylors,0,default.svg
jina_briddick,jina_briddick@briddick.com,asd,Jina Briddick,0,default.svg
kanisha_waycott,kanisha_waycott@yahoo.com,asd,Kanisha Waycott,0,default.svg
emerson.bowley,emerson.bowley@bowley.org,asd,Emerson Bowley,0,default.svg
bmalet,bmalet@yahoo.com,asd,Blair Malet,0,default.svg
bbolognia,bbolognia@yahoo.com,asd,Brock Bolognia,0,default.svg
lnestle,lnestle@hotmail.com,asd,Lorrie Nestle,0,default.svg
sabra,sabra@uyetake.org,asd,Sabra Uyetake,0,default.svg
mmastella,mmastella@mastella.com,asd,Marjory Mastella,0,default.svg
karl_klonowski,karl_klonowski@yahoo.com,asd,Karl Klonowski,0,default.svg
twenner,twenner@aol.com,asd,Tonette Wenner,0,default.svg
amber_monarrez,amber_monarrez@monarrez.org,asd,Amber Monarrez,0,default.svg
shenika,shenika@gmail.com,asd,Shenika Seewald,0,default.svg
delmy.ahle,delmy.ahle@hotmail.com,asd,Delmy Ahle,0,default.svg
deeanna_juhas,deeanna_juhas@gmail.com,asd,Deeanna Juhas,0,default.svg
bpugh,bpugh@aol.com,asd,Blondell Pugh,0,default.svg
jamal,jamal@vanausdal.org,asd,Jamal Vanausdal,0,default.svg
cecily,cecily@hollack.org,asd,Cecily Hollack,0,default.svg
carmelina_lindall,carmelina_lindall@lindall.com,asd,Carmelina Lindall,0,default.svg
maurine_yglesias,maurine_yglesias@yglesias.com,asd,Maurine Yglesias,0,default.svg
tawna,tawna@gmail.com,asd,Tawna Buvens,0,default.svg
penney_weight,penney_weight@aol.com,asd,Penney Weight,0,default.svg
elly_morocco,elly_morocco@gmail.com,asd,Elly Morocco,0,default.svg
ilene.eroman,ilene.eroman@hotmail.com,asd,Ilene Eroman,0,default.svg
vmondella,vmondella@mondella.com,asd,Vallie Mondella,0,default.svg
kallie.blackwood,kallie.blackwood@gmail.com,asd,Kallie Blackwood,0,default.svg
johnetta_abdallah,johnetta_abdallah@aol.com,asd,Johnetta Abdallah,0,default.svg
brhym,brhym@rhym.com,asd,Bobbye Rhym,0,default.svg
micaela_rhymes,micaela_rhymes@gmail.com,asd,Micaela Rhymes,0,default.svg
tamar,tamar@hotmail.com,asd,Tamar Hoogland,0,default.svg
moon,moon@yahoo.com,asd,Moon Parlato,0,default.svg
laurel_reitler,laurel_reitler@reitler.com,asd,Laurel Reitler,0,default.svg
delisa.crupi,delisa.crupi@crupi.com,asd,Delisa Crupi,0,default.svg
viva.toelkes,viva.toelkes@gmail.com,asd,Viva Toelkes,0,default.svg
elza,elza@yahoo.com,asd,Elza Lipke,0,default.svg
devorah,devorah@hotmail.com,asd,Devorah Chickering,0,default.svg
timothy_mulqueen,timothy_mulqueen@mulqueen.org,asd,Timothy Mulqueen,0,default.svg
ahoneywell,ahoneywell@honeywell.com,asd,Arlette Honeywell,0,default.svg
dominque.dickerson,dominque.dickerson@dickerson.org,asd,Dominque Dickerson,0,default.svg
lettie_isenhower,lettie_isenhower@yahoo.com,asd,Lettie Isenhower,0,default.svg
mmunns,mmunns@cox.net,asd,Myra Munns,0,default.svg
stephaine,stephaine@barfield.com,asd,Stephaine Barfield,0,default.svg
lai.gato,lai.gato@gato.org,asd,Lai Gato,0,default.svg
stephen_emigh,stephen_emigh@hotmail.com,asd,Stephen Emigh,0,default.svg
tshields,tshields@gmail.com,asd,Tyra Shields,0,default.svg
twardrip,twardrip@cox.net,asd,Tammara Wardrip,0,default.svg
cory.gibes,cory.gibes@gmail.com,asd,Cory Gibes,0,default.svg
danica_bruschke,danica_bruschke@gmail.com,asd,Danica Bruschke,0,default.svg
wilda,wilda@cox.net,asd,Wilda Giguere,0,default.svg
elvera.benimadho,elvera.benimadho@cox.net,asd,Elvera Benimadho,0,default.svg
carma,carma@cox.net,asd,Carma Vanheusen,0,default.svg
malinda.hochard,malinda.hochard@yahoo.com,asd,Malinda Hochard,0,default.svg
natalie.fern,natalie.fern@hotmail.com,asd,Natalie Fern,0,default.svg
lisha,lisha@centini.org,asd,Lisha Centini,0,default.svg
,,,,,
,,,,,
,,,,,
,,,,,
,,,,,
,,,,,
,,,,,
,,,,,
,,,,,
,,,,,
,,,,,
,,,,,
,,,,,
,,,,,
,,,,,
,,,,,
,,,,,
,,,,,
,,,,,
,,,,,
,,,,,
,,,,,
,,,,,
,,,,,
,,,,,
,,,,,
,,,,,
,,,,,
,,,,,
,,,,,
,,,,,
,,,,,
,,,,,
,,,,,
,,,,,
,,,,,
,,,,,
,,,,,
,,,,,
,,,,,
,,,,,
,,,,,
,,,,,
,,,,,
,,,,,
,,,,,
,,,,,
,,,,,
,,,,,
,,,,,
,,,,,
,,,,,
,,,,,
,,,,,
,,,,,
,,,,,
,,,,,
,,,,,
,,,,,
,,,,,
,,,,,
,,,,,
,,,,,
,,,,,
,,,,,
,,,,,
,,,,,
,,,,,
,,,,,
,,,,,
,,,,,
,,,,,
,,,,,
,,,,,
,,,,,
,,,,,
,,,,,
,,,,,
,,,,,
,,,,,
,,,,,
,,,,,
,,,,,
,,,,,
,,,,,
,,,,,
,,,,,
,,,,,
,,,,,
,,,,,
,,,,,
,,,,,
,,,,,
,,,,,
,,,,,
,,,,,
,,,,,
,,,,,
,,,,,
,,,,,
,,,,,
,,,,,
,,,,,
,,,,,
,,,,,
,,,,,
,,,,,
,,,,,
,,,,,
,,,,,
,,,,,
,,,,,
,,,,,
,,,,,
,,,,,
,,,,,
,,,,,
,,,,,
,,,,,
,,,,,
,,,,,
,,,,,
,,,,,
,,,,,
,,,,,
,,,,,
,,,,,
,,,,,
,,,,,
,,,,,
,,,,,
,,,,,
,,,,,
,,,,,
,,,,,
,,,,,
,,,,,
,,,,,
,,,,,
,,,,,
,,,,,
,,,,,
,,,,,
,,,,,
,,,,,
,,,,,
,,,,,
,,,,,
,,,,,
,,,,,
,,,,,
,,,,,
,,,,,
,,,,,
,,,,,
,,,,,
,,,,,
,,,,,
,,,,,
,,,,,
,,,,,
,,,,,
,,,,,
,,,,,
,,,,,
,,,,,
,,,,,
,,,,,
,,,,,
,,,,,
,,,,,
,,,,,
,,,,,
,,,,,
,,,,,
,,,,,
,,,,,
,,,,,
,,,,,
,,,,,
,,,,,
,,,,,
,,,,,
,,,,,
,,,,,
,,,,,
,,,,,
,,,,,
,,,,,
,,,,,
,,,,,
,,,,,
,,,,,
,,,,,
,,,,,
,,,,,
,,,,,
,,,,,
,,,,,
,,,,,
,,,,,
,,,,,
,,,,,
,,,,,
,,,,,
,,,,,
,,,,,
,,,,,
,,,,,
,,,,,
,,,,,
,,,,,
,,,,,
,,,,,
,,,,,
,,,,,
,,,,,
,,,,,
,,,,,
,,,,,
,,,,,
,,,,,
,,,,,
,,,,,
,,,,,
,,,,,
,,,,,
,,,,,
,,,,,
,,,,,
,,,,,
,,,,,
,,,,,
,,,,,
,,,,,
,,,,,
,,,,,
,,,,,
,,,,,
,,,,,
,,,,,
,,,,,
,,,,,
,,,,,
,,,,,
,,,,,
,,,,,
,,,,,
,,,,,
,,,,,
,,,,,
,,,,,
,,,,,
,,,,,
,,,,,
,,,,,
,,,,,
,,,,,
,,,,,
,,,,,
,,,,,
,,,,,
,,,,,
,,,,,
,,,,,
,,,,,
,,,,,
,,,,,
,,,,,
,,,,,
,,,,,
,,,,,
,,,,,
,,,,,
,,,,,
,,,,,
,,,,,
,,,,,
,,,,,
,,,,,
,,,,,
,,,,,
,,,,,
,,,,,
,,,,,
,,,,,
,,,,,
,,,,,
,,,,,
,,,,,
,,,,,
,,,,,
,,,,,
,,,,,
,,,,,
,,,,,
,,,,,
,,,,,
,,,,,
,,,,,
,,,,,
,,,,,
,,,,,
,,,,,
,,,,,
,,,,,
,,,,,
,,,,,
,,,,,
,,,,,
,,,,,
,,,,,
,,,,,
,,,,,
,,,,,
,,,,,
,,,,,
,,,,,
,,,,,
,,,,,
,,,,,
,,,,,
,,,,,
,,,,,
,,,,,
,,,,,
,,,,,
,,,,,
,,,,,
,,,,,
,,,,,
,,,,,
,,,,,
,,,,,
,,,,,
,,,,,
,,,,,
,,,,,
,,,,,
,,,,,
,,,,,
,,,,,
,,,,,
,,,,,
,,,,,
,,,,,
,,,,,
,,,,,
,,,,,
,,,,,
,,,,,
,,,,,
,,,,,
,,,,,
,,,,,
,,,,,
,,,,,
,,,,,
,,,,,
,,,,,
,,,,,
,,,,,
,,,,,
,,,,,
,,,,,
,,,,,
,,,,,
,,,,,
,,,,,
,,,,,
,,,,,
,,,,,
,,,,,
,,,,,
,,,,,
,,,,,
,,,,,
,,,,,
,,,,,
,,,,,
,,,,,
,,,,,
,,,,,
,,,,,
,,,,,
,,,,,
,,,,,
,,,,,
,,,,,
,,,,,
,,,,,
,,,,,
,,,,,
,,,,,
,,,,,
,,,,,
,,,,,
,,,,,
,,,,,
,,,,,
,,,,,
,,, ,,
,,, ,,
,,, ,,
